<?xml version="1.0" encoding="UTF-8"?>
<project-private xmlns="http://www.netbeans.org/ns/project-private/1">
    <editor-bookmarks xmlns="http://www.netbeans.org/ns/editor-bookmarks/2" lastBookmarkId="0"/>
    <open-files xmlns="http://www.netbeans.org/ns/projectui-open-files/2">
        <group>
            <file>file:/C:/Users/Korisnik/Desktop/portfolio/single.html</file>
            <file>file:/C:/Users/Korisnik/Desktop/portfolio/css/style.css</file>
            <file>file:/C:/Users/Korisnik/Desktop/portfolio/js/main.js</file>
            <file>file:/C:/Users/Korisnik/Desktop/portfolio/css/responsive.css</file>
            <file>file:/C:/Users/Korisnik/Desktop/portfolio/cover-letter.html</file>
            <file>file:/C:/Users/Korisnik/Desktop/portfolio/contact.html</file>
            <file>file:/C:/Users/Korisnik/Desktop/portfolio/index.html</file>
            <file>file:/C:/Users/Korisnik/Desktop/portfolio/portfolio.html</file>
        </group>
    </open-files>
</project-private>
